Workbook

Sheet Sheet1
A1: Product ID | B1: Product Name | C1: Brand Name | D1: Price ($) | E1: Price-replace | F1: Quantity | G1: Category | H1: Missing price information
A2: 28-JAN-US | B2: Laptop | C2: Dell | D2: 1000 | E2: =IF(ISBLANK(D2),"Unknown",D2) -> 1000 | F2: 30 | G2: Electronics | H2: =ISBLANK(D2) -> FALSE | J2: 1 | K2: Missing value: | L2: =COUNTBLANK(E2:E32) -> 0
A3: 15-FEB-US | B3: Sneakers | C3: Nike | D3: 80 | E3: =IF(ISBLANK(D3),"Unknown",D3) -> 80 | F3: 15 | G3: Fashion | H3: =ISBLANK(D3) -> FALSE | J3: 2 | K3: Replace missing value | L3: If Isblank function and editing,find&select, go to special and blanks.
A4: 03-MAR-US | B4: Coffee Maker | C4: Keurig | D4: 130 | E4: =IF(ISBLANK(D4),"Unknown",D4) -> 130 | F4: 40 | G4: Kitchen | H4: =ISBLANK(D4) -> FALSE | J4: 3 | K4: Correcting inconsistent data | L4: ctrl and replace
A5: 11-APR-US | B5: Smartphone | C5: Samsung | D5: 900 | E5: =IF(ISBLANK(D5),"Unknown",D5) -> 900 | F5: 25 | G5: Electronics | H5: =ISBLANK(D5) -> FALSE | J5: 4 | K5: Removing duplicate | L5: data and remove duplicate
A6: 22-MAY-US | B6: Backpack | C6: North Face | D6: 70 | E6: =IF(ISBLANK(D6),"Unknown",D6) -> 70 | F6: 20 | G6: Fashion | H6: =ISBLANK(D6) -> FALSE | J6: 5 | K6: Splitting and merging data | L6: Left function and right function
A7: 07-JUN-UK | B7: Headphones | C7: Sony | D7: No value | E7: =IF(ISBLANK(D7),"Unknown",D7) -> No value | F7: 45 | G7: Electronics | H7: =ISBLANK(D7) -> FALSE | J7: 6 | K7: Number formatting | L7: Home ,number formatting and currency
A8: 19-JUL-UK | B8: T-shirt | C8: Adidas | D8: 30 | E8: =IF(ISBLANK(D8),"Unknown",D8) -> 30 | F8: 5 | G8: Fashion | H8: =ISBLANK(D8) -> FALSE | J8: 7 | K8: Manufacturing date | L8: Text function
A9: 23-AUG-UK | B9: Blender | C9: Ninja | D9: 90 | E9: =IF(ISBLANK(D9),"Unknown",D9) -> 90 | F9: 35 | G9: Kitchen | H9: =ISBLANK(D9) -> FALSE | J9: 8 | K9: Conditional formatting | L9: Home and conditional formatting
A10: 05-SEP-UK | B10: Tablet | C10: Apple | D10: 500 | E10: =IF(ISBLANK(D10),"Unknown",D10) -> 500 | F10: 50 | G10: Electronics | H10: =ISBLANK(D10) -> FALSE
A11: 14-OCT-UK | B11: Hiking Boots | C11: Timberland | D11: 130 | E11: =IF(ISBLANK(D11),"Unknown",D11) -> 130 | F11: 10 | G11: Outdoor | H11: =ISBLANK(D11) -> FALSE
A12: 17-JUN-IN | B12: Laptop | C12: HP | D12: 950 | E12: =IF(ISBLANK(D12),"Unknown",D12) -> 950 | F12: 25 | G12: Electronics | H12: =ISBLANK(D12) -> FALSE
A13: 25-NOV-AU | B13: Sneakers | C13: Adidas | D13: 90 | E13: =IF(ISBLANK(D13),"Unknown",D13) -> 90 | F13: 40 | G13: Fashion | H13: =ISBLANK(D13) -> FALSE
A14: 08-DEC-DE | B14: Coffee Maker | C14: Nespresso | D14: 120 | E14: =IF(ISBLANK(D14),"Unknown",D14) -> 120 | F14: 35 | G14: Kitchen | H14: =ISBLANK(D14) -> FALSE
A15: 18-FEB-CA | B15: Smartwatch | C15: Fitbit | D15: 150 | E15: =IF(ISBLANK(D15),"Unknown",D15) -> 150 | F15: 15 | G15: Electronics | H15: =ISBLANK(D15) -> FALSE
A16: 16-APR-ES | B16: Headphones | C16: Bose | D16: 250 | E16: =IF(ISBLANK(D16),"Unknown",D16) -> 250 | F16: 20 | G16: Electronics | H16: =ISBLANK(D16) -> FALSE
A17: 21-AUG-CA | B17: Laptop Bag | C17: Samsonite | D17: 50 | E17: =IF(ISBLANK(D17),"Unknown",D17) -> 50 | F17: 35 | G17: Accessories | H17: =ISBLANK(D17) -> FALSE
A18: 20-AUG-CN | B18: Smartwatch | C18: Huawei | D18: 160 | E18: =IF(ISBLANK(D18),"Unknown",D18) -> 160 | F18: 15 | G18: Electronics | H18: =ISBLANK(D18) -> FALSE
A19: 27-JAN-IT | B19: Laptop | C19: Asus | D19: 980 | E19: =IF(ISBLANK(D19),"Unknown",D19) -> 980 | F19: 10 | G19: Electronics | H19: =ISBLANK(D19) -> FALSE
A20: 01-MAR-UK | B20: Sunglasses | C20: Oakley | D20: 150 | E20: =IF(ISBLANK(D20),"Unknown",D20) -> 150 | F20: 15 | G20: Fashion | H20: =ISBLANK(D20) -> FALSE
A21: 14-AUG-US | B21: Camping Tent | C21: Coleman | D21: No value | E21: =IF(ISBLANK(D21),"Unknown",D21) -> No value | F21: 10 | G21: Outdoor | H21: =ISBLANK(D21) -> FALSE
A22: 14-MAY-RU | B22: Camera | C22: Nikon | D22: 700 | E22: =IF(ISBLANK(D22),"Unknown",D22) -> 700 | F22: 50 | G22: Electronics | H22: =ISBLANK(D22) -> FALSE
A23: 09-JAN-CA | B23: Microwave | C23: Panasonic | D23: 80 | E23: =IF(ISBLANK(D23),"Unknown",D23) -> 80 | F23: 20 | G23: Kitchen | H23: =ISBLANK(D23) -> FALSE
A24: 19-JUL-BR | B24: Fitness Tracker | C24: Xiaomi | D24: 150 | E24: =IF(ISBLANK(D24),"Unknown",D24) -> 150 | F24: 30 | G24: Electronics | H24: =ISBLANK(D24) -> FALSE
A25: 29-SEP-CA | B25: Smartphone | C25: Google | D25: 800 | E25: =IF(ISBLANK(D25),"Unknown",D25) -> 800 | F25: 45 | G25: Electronics | H25: =ISBLANK(D25) -> FALSE
A26: 03-JUN-CA | B26: Sunglasses | C26: Ray-Ban | D26: No value | E26: =IF(ISBLANK(D26),"Unknown",D26) -> No value | F26: 25 | G26: Fashion | H26: =ISBLANK(D26) -> FALSE
A27: 11-JUL-CA | B27: Blender | C27: Vitamix | D27: 400 | E27: =IF(ISBLANK(D27),"Unknown",D27) -> 400 | F27: 40 | G27: Kitchen | H27: =ISBLANK(D27) -> FALSE
A28: 07-MAR-CA | B28: Dress | C28: Zara | D28: 60 | E28: =IF(ISBLANK(D28),"Unknown",D28) -> 60 | F28: 30 | G28: Fashion | H28: =ISBLANK(D28) -> FALSE
A29: 13-APR-CA | B29: Toaster | C29: Hamilton | D29: 40 | E29: =IF(ISBLANK(D29),"Unknown",D29) -> 40 | F29: 10 | G29: Kitchen | H29: =ISBLANK(D29) -> FALSE
A30: 24-MAY-CA | B30: Fitness Tracker | C30: Garmin | D30: 130 | E30: =IF(ISBLANK(D30),"Unknown",D30) -> 130 | F30: 5 | G30: Electronics | H30: =ISBLANK(D30) -> FALSE
A31: 02-DEC-CA | B31: Jeans | C31: Levi's | D31: 50 | E31: =IF(ISBLANK(D31),"Unknown",D31) -> 50 | F31: 50 | G31: Fashion | H31: =ISBLANK(D31) -> FALSE
A32: 09-JUL-FR | B32: Watch | C32: Casio | D32: 100 | E32: =IF(ISBLANK(D32),"Unknown",D32) -> 100 | F32: 20 | G32: Accessories | H32: =ISBLANK(D32) -> FALSE

Sheet Splitting and merging data
A1: Product ID | B1: Manufacturing date | C1: Country code | D1: Product brand
A2: 28-JAN-US | B2: =LEFT(Sheet1!A2,6) -> 28-JAN | C2: =RIGHT(A2,2) -> US | D2: =Sheet1!C2&" "&Sheet1!B2 -> Dell Laptop
A3: 15-FEB-US | B3: =LEFT(Sheet1!A3,6) -> 15-FEB | C3: =RIGHT(A3,2) -> US | D3: =Sheet1!C3&" "&Sheet1!B3 -> Nike Sneakers
A4: 03-MAR-US | B4: =LEFT(Sheet1!A4,6) -> 03-MAR | C4: =RIGHT(A4,2) -> US | D4: =Sheet1!C4&" "&Sheet1!B4 -> Keurig Coffee Maker
A5: 11-APR-US | B5: =LEFT(Sheet1!A5,6) -> 11-APR | C5: =RIGHT(A5,2) -> US | D5: =Sheet1!C5&" "&Sheet1!B5 -> Samsung Smartphone
A6: 22-MAY-US | B6: =LEFT(Sheet1!A6,6) -> 22-MAY | C6: =RIGHT(A6,2) -> US | D6: =Sheet1!C6&" "&Sheet1!B6 -> North Face Backpack
A7: 07-JUN-UK | B7: =LEFT(Sheet1!A7,6) -> 07-JUN | C7: =RIGHT(A7,2) -> UK | D7: =Sheet1!C7&" "&Sheet1!B7 -> Sony Headphones
A8: 19-JUL-UK | B8: =LEFT(Sheet1!A8,6) -> 19-JUL | C8: =RIGHT(A8,2) -> UK | D8: =Sheet1!C8&" "&Sheet1!B8 -> Adidas T-shirt
A9: 23-AUG-UK | B9: =LEFT(Sheet1!A9,6) -> 23-AUG | C9: =RIGHT(A9,2) -> UK | D9: =Sheet1!C9&" "&Sheet1!B9 -> Ninja Blender
A10: 05-SEP-UK | B10: =LEFT(Sheet1!A10,6) -> 05-SEP | C10: =RIGHT(A10,2) -> UK | D10: =Sheet1!C10&" "&Sheet1!B10 -> Apple Tablet
A11: 14-OCT-UK | B11: =LEFT(Sheet1!A11,6) -> 14-OCT | C11: =RIGHT(A11,2) -> UK | D11: =Sheet1!C11&" "&Sheet1!B11 -> Timberland Hiking Boots
A12: 17-JUN-IN | B12: =LEFT(Sheet1!A12,6) -> 17-JUN | C12: =RIGHT(A12,2) -> IN | D12: =Sheet1!C12&" "&Sheet1!B12 -> HP Laptop
A13: 25-NOV-AU | B13: =LEFT(Sheet1!A13,6) -> 25-NOV | C13: =RIGHT(A13,2) -> AU | D13: =Sheet1!C13&" "&Sheet1!B13 -> Adidas Sneakers
... A32: 09-JUL-FR | B32: =LEFT(Sheet1!A32,6) -> 09-JUL | C32: =RIGHT(A32,2) -> FR | D32: =Sheet1!C32&" "&Sheet1!B32 -> Casio Watch

Sheet Number formatting
A1: Price ($) | B1: Manufacturing date | C1: Manufacturing date2
A2: 1000 | B2: =LEFT(Sheet1!A2,6) -> 28-JAN | C2: =TEXT(B2,"DD-MM-YYYY") -> 28-01-2026
A3: 80 | B3: =LEFT(Sheet1!A3,6) -> 15-FEB | C3: =TEXT(B3,"DD-MM-YYYY") -> 15-02-2026
A4: 130 | B4: =LEFT(Sheet1!A4,6) -> 03-MAR | C4: =TEXT(B4,"DD-MM-YYYY") -> 03-03-2026
A5: 900 | B5: =LEFT(Sheet1!A5,6) -> 11-APR | C5: =TEXT(B5,"DD-MM-YYYY") -> 11-04-2026
A6: 70 | B6: =LEFT(Sheet1!A6,6) -> 22-MAY | C6: =TEXT(B6,"DD-MM-YYYY") -> 22-05-2026
A7: No value | B7: =LEFT(Sheet1!A7,6) -> 07-JUN | C7: =TEXT(B7,"DD-MM-YYYY") -> 07-06-2026
A8: 30 | B8: =LEFT(Sheet1!A8,6) -> 19-JUL | C8: =TEXT(B8,"DD-MM-YYYY") -> 19-07-2026
A9: 90 | B9: =LEFT(Sheet1!A9,6) -> 23-AUG | C9: =TEXT(B9,"DD-MM-YYYY") -> 23-08-2026
A10: 500 | B10: =LEFT(Sheet1!A10,6) -> 05-SEP | C10: =TEXT(B10,"DD-MM-YYYY") -> 05-09-2026
A11: 130 | B11: =LEFT(Sheet1!A11,6) -> 14-OCT | C11: =TEXT(B11,"DD-MM-YYYY") -> 14-10-2026
A12: 950 | B12: =LEFT(Sheet1!A12,6) -> 17-JUN | C12: =TEXT(B12,"DD-MM-YYYY") -> 17-06-2026
A13: 90 | B13: =LEFT(Sheet1!A13,6) -> 25-NOV | C13: =TEXT(B13,"DD-MM-YYYY") -> 25-11-2026
A14: 120 | B14: =LEFT(Sheet1!A14,6) -> 08-DEC | C14: =TEXT(B14,"DD-MM-YYYY") -> 08-12-2026
A15: 150 | B15: =LEFT(Sheet1!A15,6) -> 18-FEB | C15: =TEXT(B15,"DD-MM-YYYY") -> 18-02-2026
A16: 250 | B16: =LEFT(Sheet1!A16,6) -> 16-APR | C16: =TEXT(B16,"DD-MM-YYYY") -> 16-04-2026
A17: 50 | B17: =LEFT(Sheet1!A17,6) -> 21-AUG | C17: =TEXT(B17,"DD-MM-YYYY") -> 21-08-2026
A18: 160 | B18: =LEFT(Sheet1!A18,6) -> 20-AUG | C18: =TEXT(B18,"DD-MM-YYYY") -> 20-08-2026
A19: 980 | B19: =LEFT(Sheet1!A19,6) -> 27-JAN | C19: =TEXT(B19,"DD-MM-YYYY") -> 27-01-2026
A20: 150 | B20: =LEFT(Sheet1!A20,6) -> 01-MAR | C20: =TEXT(B20,"DD-MM-YYYY") -> 01-03-2026
A21: No value | B21: =LEFT(Sheet1!A21,6) -> 14-AUG | C21: =TEXT(B21,"DD-MM-YYYY") -> 14-08-2026
A22: 700 | B22: =LEFT(Sheet1!A22,6) -> 14-MAY | C22: =TEXT(B22,"DD-MM-YYYY") -> 14-05-2026
A23: 80 | B23: =LEFT(Sheet1!A23,6) -> 09-JAN | C23: =TEXT(B23,"DD-MM-YYYY") -> 09-01-2026
A24: 150 | B24: =LEFT(Sheet1!A24,6) -> 19-JUL | C24: =TEXT(B24,"DD-MM-YYYY") -> 19-07-2026
A25: 800 | B25: =LEFT(Sheet1!A25,6) -> 29-SEP | C25: =TEXT(B25,"DD-MM-YYYY") -> 29-09-2026
A26: No value | B26: =LEFT(Sheet1!A26,6) -> 03-JUN | C26: =TEXT(B26,"DD-MM-YYYY") -> 03-06-2026
A27: 400 | B27: =LEFT(Sheet1!A27,6) -> 11-JUL | C27: =TEXT(B27,"DD-MM-YYYY") -> 11-07-2026
A28: 60 | B28: =LEFT(Sheet1!A28,6) -> 07-MAR | C28: =TEXT(B28,"DD-MM-YYYY") -> 07-03-2026
A29: 40 | B29: =LEFT(Sheet1!A29,6) -> 13-APR | C29: =TEXT(B29,"DD-MM-YYYY") -> 13-04-2026
A30: 130 | B30: =LEFT(Sheet1!A30,6) -> 24-MAY | C30: =TEXT(B30,"DD-MM-YYYY") -> 24-05-2026
A31: 50 | B31: =LEFT(Sheet1!A31,6) -> 02-DEC | C31: =TEXT(B31,"DD-MM-YYYY") -> 02-12-2026
A32: 100 | B32: =LEFT(Sheet1!A32,6) -> 09-JUL | C32: =TEXT(B32,"DD-MM-YYYY") -> 09-07-2026

Sheet Conditional formatting
A1: Price ($) | B1: Category
A2: 1000 | B2: Electronics
A3: 80 | B3: Fashion
A4: 130 | B4: Kitchen
A5: 900 | B5: Electronics
A6: 70 | B6: Fashion
A7: No value | B7: Electronics
A8: 30 | B8: Fashion
A9: 90 | B9: Kitchen
A10: 500 | B10: Electronics
A11: 130 | B11: Outdoor
A12: 950 | B12: Electronics
A13: 90 | B13: Fashion
A14: 120 | B14: Kitchen
A15: 150 | B15: Electronics
A16: 250 | B16: Electronics
A17: 50 | B17: Accessories
A18: 160 | B18: Electronics
A19: 980 | B19: Electronics
A20: 150 | B20: Fashion
A21: No value | B21: Outdoor
A22: 700 | B22: Electronics
A23: 80 | B23: Kitchen
A24: 150 | B24: Electronics
A25: 800 | B25: Electronics
A26: No value | B26: Fashion
A27: 400 | B27: Kitchen
A28: 60 | B28: Fashion
A29: 40 | B29: Kitchen
A30: 130 | B30: Electronics
A31: 50 | B31: Fashion
A32: 100 | B32: Accessories
